{"AUC": [0.9052265286445618, 0.9665517210960388, 0.9788267612457275, 0.9805216789245605, 0.9797438979148865, 0.9837310910224915, 0.9858006238937378, 0.986913800239563], "accuracy": [0.8179880380630493, 0.9265239238739014, 0.9478410482406616, 0.9494284987449646, 0.9455732703208923, 0.9533290863037109, 0.9542815685272217, 0.9556875824928284], "fn": [1948.0, 676.0, 435.0, 417.0, 440.0, 387.0, 405.0, 352.0], "fp": [2065.0, 944.0, 715.0, 698.0, 760.0, 642.0, 603.0, 625.0], "loss": [0.3880123496055603, 0.21940991282463074, 0.16634641587734222, 0.15882784128189087, 0.16564728319644928, 0.1454082876443863, 0.13752514123916626, 0.13205376267433167], "precision": [0.8145653605461121, 0.9163713455200195, 0.9367312788963318, 0.9382901787757874, 0.9329864978790283, 0.9430093169212341, 0.946261465549469, 0.9446265697479248], "recall": [0.8232144713401794, 0.9386569857597351, 0.9605299234390259, 0.96219402551651, 0.9600762128829956, 0.964850127696991, 0.9632586240768433, 0.9680407047271729], "tn": [8964.0, 10084.0, 10312.0, 10320.0, 10267.0, 10396.0, 10422.0, 10409.0], "tp": [9071.0, 10344.0, 10586.0, 10613.0, 10581.0, 10623.0, 10618.0, 10662.0], "val_AUC": [0.9333817958831787, 0.9115684628486633, 0.9793938398361206, 0.9684853553771973, 0.9848352670669556, 0.9765760898590088, 0.9820558428764343, 0.9838799834251404], "val_accuracy": [0.8928052186965942, 0.6551598906517029, 0.9320493936538696, 0.8880813717842102, 0.9494912624359131, 0.9273256063461304, 0.9494912624359131, 0.9527616500854492], "val_fn": [152.0, 930.0, 29.0, 234.0, 47.0, 116.0, 41.0, 31.0], "val_fp": [143.0, 19.0, 158.0, 74.0, 92.0, 84.0, 98.0, 99.0], "val_loss": [0.337725967168808, 0.8165573477745056, 0.18659305572509766, 0.2641371488571167, 0.14551697671413422, 0.20408810675144196, 0.15441246330738068, 0.15230248868465424], "val_precision": [0.8952381014823914, 0.9598308801651001, 0.8962574005126953, 0.9395424723625183, 0.9361554384231567, 0.9379615783691406, 0.9317073225975037, 0.9323770403862], "val_recall": [0.8893740773200989, 0.3280346691608429, 0.9791965484619141, 0.8309248685836792, 0.9663323760032654, 0.9163058996200562, 0.9702467322349548, 0.9777936935424805], "val_tn": [1235.0, 1349.0, 1200.0, 1294.0, 1264.0, 1282.0, 1276.0, 1257.0], "val_tp": [1222.0, 454.0, 1365.0, 1150.0, 1349.0, 1270.0, 1337.0, 1365.0]}