{"AUC": [0.9497213959693909, 0.9797734022140503, 0.9844942092895508, 0.9867105484008789, 0.988255500793457, 0.9895715117454529, 0.9904672503471375], "accuracy": [0.881395161151886, 0.9487481713294983, 0.954463005065918, 0.9565039873123169, 0.9587717652320862, 0.9604952931404114, 0.9624909162521362], "fn": [1188.0, 441.0, 383.0, 351.0, 310.0, 328.0, 296.0], "fp": [1427.0, 689.0, 621.0, 608.0, 599.0, 543.0, 531.0], "loss": [0.2843642234802246, 0.16173021495342255, 0.142721489071846, 0.13197363913059235, 0.12392578274011612, 0.115818552672863, 0.10969295352697372], "precision": [0.8733357191085815, 0.9388479590415955, 0.9448392391204834, 0.9460753798484802, 0.9469864368438721, 0.9516516923904419, 0.9528251886367798], "recall": [0.8922644257545471, 0.9599782228469849, 0.9652450084686279, 0.9681430459022522, 0.9718437790870667, 0.9702251553535461, 0.9731422066688538], "tn": [9594.0, 10340.0, 10407.0, 10422.0, 10439.0, 10489.0, 10496.0], "tp": [9839.0, 10578.0, 10637.0, 10667.0, 10700.0, 10688.0, 10725.0], "val_AUC": [0.9784007668495178, 0.9785486459732056, 0.9819029569625854, 0.9851720333099365, 0.9808094501495361, 0.9804977178573608, 0.9792813062667847], "val_accuracy": [0.9324128031730652, 0.9425871968269348, 0.9520348906517029, 0.9534883499145508, 0.9349563717842102, 0.944767415523529, 0.9473110437393188], "val_fn": [13.0, 26.0, 21.0, 28.0, 119.0, 24.0, 20.0], "val_fp": [173.0, 132.0, 111.0, 100.0, 60.0, 128.0, 125.0], "val_loss": [0.21793465316295624, 0.2198973149061203, 0.17117656767368317, 0.142373189330101, 0.18003882467746735, 0.2143854945898056, 0.20198555290699005], "val_precision": [0.8871493935585022, 0.9096509218215942, 0.9238160848617554, 0.9302650094032288, 0.9542682766914368, 0.912806510925293, 0.9151967167854309], "val_recall": [0.9905316829681396, 0.9808118343353271, 0.9846379160881042, 0.9794420003890991, 0.9132020473480225, 0.9824047088623047, 0.9853907823562622], "val_tn": [1206.0, 1265.0, 1274.0, 1290.0, 1321.0, 1260.0, 1258.0], "val_tp": [1360.0, 1329.0, 1346.0, 1334.0, 1252.0, 1340.0, 1349.0]}